Original,Problem,Conversion
?,9,
ABNORMAL WARMTH,9,
ABNORMALLY DRY,6,DROUGHT
ABNORMALLY WET,9,
ACCUMULATED SNOWFALL,9,
AGRICULTURAL FREEZE,6,FROST/FREEZE
APACHE COUNTY,9,
ASTRONOMICAL HIGH TIDE,8,
ASTRONOMICAL LOW TIDE,0,
AVALANCE,4,AVALANCHE
AVALANCHE,0,
BEACH EROSIN,9,
BEACH EROSION,9,
BEACH EROSION/COASTAL FLOOD,6,COASTAL FLOOD
BEACH FLOOD,6,COASTAL FLOOD
BELOW NORMAL PRECIPITATION,6,DROUGHT
BITTER WIND CHILL,6,EXTREME COLD/WIND CHILL
BITTER WIND CHILL TEMPERATURES,6,EXTREME COLD/WIND CHILL
BLACK ICE,7,WINTER WEATHER
BLIZZARD,0,
BLIZZARD AND EXTREME WIND CHIL,6,BLIZZARD AND EXTREME COLD/WIND CHILL
BLIZZARD AND HEAVY SNOW,0,
BLIZZARD SUMMARY,6,BLIZZARD
BLIZZARD WEATHER,6,BLIZZARD
BLIZZARD/FREEZING RAIN,7,BLIZZARD
BLIZZARD/HEAVY SNOW,7,BLIZZARD
BLIZZARD/HIGH WIND,7,BLIZZARD
BLIZZARD/WINTER STORM,7,BLIZZARD
BLOW-OUT TIDE,8,
BLOW-OUT TIDES,8,
BLOWING DUST,6,DUST STORM
BLOWING SNOW,6,WINTER WEATHER
BLOWING SNOW- EXTREME WIND CHI,6,WINTER WEATHER AND EXTREME COLD/WIND CHILL
BLOWING SNOW & EXTREME WIND CH,6,WINTER WEATHER AND EXTREME COLD/WIND CHILL
BLOWING SNOW/EXTREME WIND CHIL,6,WINTER WEATHER AND EXTREME COLD/WIND CHILL
BREAKUP FLOODING,6,FLOOD
BRUSH FIRE,6,WILDFIRE
BRUSH FIRES,6,WILDFIRE
COASTAL FLOODING/EROSION,6,COASTAL FLOOD
COASTAL EROSION,8,
COASTAL FLOOD,0,
COASTAL FLOODING,6,COASTAL FLOOD
COASTAL FLOODING/EROSION,6,COASTAL FLOOD
COASTAL STORM,9,
COASTAL SURGE,6,STORM SURGE/TIDE
COASTAL/TIDAL FLOOD,6,COASTAL FLOOD
COASTALFLOOD,4,COASTAL FLOOD
COASTALSTORM,9,
COLD,6,COLD/WIND CHILL
COLD AIR FUNNEL,6,FUNNEL CLOUD
COLD AIR FUNNELS,6,FUNNEL CLOUD
COLD AIR TORNADO,6,TORNADO
COLD AND FROST,6,COLD/WIND CHILL AND FROST/FREEZE
COLD AND SNOW,6,WINTER WEATHER AND COLD/WIND CHILL
COLD AND WET CONDITIONS,6,WINTER WEATHER
COLD TEMPERATURE,6,COLD/WIND CHILL
COLD TEMPERATURES,6,COLD/WIND CHILL
COLD WAVE,6,COLD/WIND CHILL
COLD WEATHER,6,COLD/WIND CHILL
COLD WIND CHILL TEMPERATURES,5,COLD/WIND CHILL
COLD/WIND CHILL,0,
COLD/WINDS,6,COLD/WIND CHILL
COOL AND WET,8,
COOL SPELL,8,
CSTL FLOODING/EROSION,6,COASTAL FLOOD
DAM BREAK,6,FLOOD
DAM FAILURE,6,FLOOD
DAMAGING FREEZE,6,FROST/FREEZE
DEEP HAIL,6,HAIL
DENSE FOG,0,
DENSE SMOKE,0,
DOWNBURST,6,HEAVY WIND
DOWNBURST WINDS,6,HEAVY WIND
DRIEST MONTH,9,
DRIFTING SNOW,6,WINTER WEATHER
DROUGHT,0,
DROUGHT/EXCESSIVE HEAT,4,DROUGHT AND EXCESSIVE HEAT
DROWNING,9,
DRY,6,DROUGHT
DRY CONDITIONS,6,DROUGHT
DRY HOT WEATHER,6,DROUGTH AND HEAT
DRY MICROBURST,6,THUNDERSTORM WIND
DRY MICROBURST 50,6,THUNDERSTORM WIND
DRY MICROBURST 53,6,THUNDERSTORM WIND
DRY MICROBURST 58,6,THUNDERSTORM WIND
DRY MICROBURST 61,6,THUNDERSTORM WIND
DRY MICROBURST 84,6,THUNDERSTORM WIND
DRY MICROBURST WINDS,6,THUNDERSTORM WIND
DRY MIRCOBURST WINDS,6,THUNDERSTORM WIND
DRY PATTERN,6,DROUGHT
DRY SPELL,6,DROUGHT
DRY WEATHER,6,DROUGHT
DRYNESS,6,DROUGHT
DUST DEVEL,4,DUST DEVIL
DUST DEVIL,0,
DUST DEVIL WATERSPOUT,0,
DUST STORM,0,
DUST STORM/HIGH WINDS,4,DUST STORM AND HIGH WIND
DUSTSTORM,4,DUST STORM
EARLY FREEZE,5,FROST/FREEZE
EARLY FROST,5,FROST/FREEZE
EARLY RAIN,8,
EARLY SNOW,5,WINTER WEATHER
EARLY SNOWFALL,5,WINTER WEATHER
EROSION/CSTL FLOOD,4,COASTAL FLOOD
EXCESSIVE,9,
EXCESSIVE COLD,6,COLD/WIND CHILL
EXCESSIVE HEAT,0,
EXCESSIVE HEAT/DROUGHT,4,EXCESSIVE HEAT AND DROUGHT
EXCESSIVE PRECIPITATION,9,
EXCESSIVE RAIN,6,HEAVY RAIN
EXCESSIVE RAINFALL,6,HEAVY RAIN
EXCESSIVE SNOW,6,HEAVY SNOW
EXCESSIVE WETNESS,8,
EXCESSIVELY DRY,6,DROUGHT
EXTENDED COLD,6,COLD/WIND CHILL
EXTREME COLD,6,EXTREME COLD/WIND CHILL
EXTREME COLD/WIND CHILL,0,
EXTREME HEAT,6,EXCESSIVE HEAT
EXTREME WIND CHILL,6,EXTREME COLD/WIND CHILL
EXTREME WIND CHILL/BLOWING SNO,6,EXTREME COLD/WIND CHILL AND WINTER WEATHER
EXTREME WIND CHILLS,4,EXTREME COLD/WIND CHILL
EXTREME WINDCHILL,4,EXTREME COLD/WIND CHILL
EXTREME WINDCHILL TEMPERATURES,5,EXTREME COLD/WIND CHILL
EXTREME/RECORD COLD,6,EXTREME COLD/WIND CHILL
EXTREMELY WET,8,
FALLING SNOW/ICE,8,
FIRST FROST,6,FROST/FREEZE
FIRST SNOW,6,WINTER WEATHER
FLASH FLOOD,0,
FLASH FLOOD - HEAVY RAIN,4,FLASH FLOOD AND HEAVY RAIN
FLASH FLOOD FROM ICE JAMS,5,FLASH FLOOD
FLASH FLOOD LANDSLIDES,6,FLASH FLOOD AND DEBRIS FLOW
FLASH FLOOD WINDS,6,FLASH FLOOD AND HIGH WIND
FLASH FLOOD/,4,FLASH FLOOD
FLASH FLOOD/ FLOOD,7,FLASH FLOOD
FLASH FLOOD/ STREET,5,FLASH FLOOD
FLASH FLOOD/FLOOD,7,FLASH FLOOD
FLASH FLOOD/HEAVY RAIN,4,FLASH FLOOD AND HEAVY RAIN
FLASH FLOOD/LANDSLIDE,6,FLASH FLOOD AND DEBRIS FLOW
FLASH FLOODING,4,FLASH FLOOD
FLASH FLOODING/FLOOD,7,FLASH FLOOD
FLASH FLOODING/THUNDERSTORM WI,4,FLASH FLOOD AND THUNDERSTORM WIND
FLASH FLOODS,4,FLASH FLOOD
FLASH FLOOODING,4,FLASH FLOOD
FLOOD,0,
FLOOD & HEAVY RAIN,0,
FLOOD FLASH,4,FLASH FLOOD
FLOOD FLOOD/FLASH,7,FLASH FLOOD
FLOOD WATCH/,8,
FLOOD/FLASH,4,FLASH FLOOD
FLOOD/FLASH FLOOD,7,FLASH FLOOD
FLOOD/FLASH FLOODING,7,FLASH FLOOD
FLOOD/FLASH/FLOOD,7,FLASH FLOOD
FLOOD/FLASHFLOOD,7,FLASH FLOOD
FLOOD/RAIN/WIND,7,FLOOD AND HIGH WIND
FLOOD/RAIN/WINDS,7,FLOOD AND HIGH WIND
FLOOD/RIVER FLOOD,5,FLOOD
FLOOD/STRONG WIND,4,FLOOD AND STRONG WIND
FLOODING,4,FLOOD
FLOODING/HEAVY RAIN,4,FLOOD AND HEAVY RAIN
FLOODS,4,FLOOD
FOG,6,DENSE FOG
FOG AND COLD TEMPERATURES,6,COLD/WIND CHILL AND DENSE FOG
FOREST FIRES,6,WILDFIRE
FREEZE,6,FROST/FREEZE
FREEZING DRIZZLE,6,WINTER WEATHER
FREEZING DRIZZLE AND FREEZING,6,WINTER WEATHER
FREEZING FOG,0,
FREEZING RAIN,6,WINTER WEATHER
FREEZING RAIN AND SLEET,6,WINTER WEATHER
FREEZING RAIN AND SNOW,6,WINTER WEATHER
FREEZING RAIN SLEET AND,6,WINTER WEATHER AND SLEET
FREEZING RAIN SLEET AND LIGHT,6,WINTER WEATHER AND SLEET
FREEZING RAIN/SLEET,6,WINTER WEATHER AND SLEET
FREEZING RAIN/SNOW,6,WINTER WEATHER
FREEZING SPRAY,8,
FROST,6,FROST/FREEZE
FROST/FREEZE,0,
FROST\FREEZE,4,FROST/FREEZE
FUNNEL,4,FUNNEL CLOUD
FUNNEL CLOUD,0,
FUNNEL CLOUD.,4,FUNNEL CLOUD
FUNNEL CLOUD/HAIL,4,FUNNEL CLOUD AND HAIL
FUNNEL CLOUDS,4,FUNNEL CLOUD
FUNNELS,4,FUNNEL CLOUD
GLAZE,9,
GLAZE ICE,6,WINTER WEATHER
GLAZE/ICE STORM,7,ICE STORM
GRADIENT WIND,8,
GRADIENT WINDS,8,
GRASS FIRES,6,WILDFIRE
GROUND BLIZZARD,8,
GUSTNADO,6,THUNDERSTORM WIND
GUSTNADO AND,6,THUNDERSTORM WIND
GUSTY LAKE WIND,6,MARINE STRONG WIND
GUSTY THUNDERSTORM WIND,5,THUNDERSTORM WIND
GUSTY THUNDERSTORM WINDS,5,THUNDERSTORM WIND
GUSTY WIND,6,STRONG WIND
GUSTY WIND/HAIL,6,STRONG WIND AND HAIL
GUSTY WIND/HVY RAIN,6,STRONG WIND AND HEAVY RAIN
GUSTY WIND/RAIN,6,STRONG WIND
GUSTY WINDS,6,STRONG WIND
HAIL,0,
HAIL 0.75,5,HAIL
HAIL 0.88,5,HAIL
HAIL 075,5,HAIL
HAIL 088,5,HAIL
HAIL 1.00,5,HAIL
HAIL 1.75,5,HAIL
HAIL 1.75),5,HAIL
HAIL 100,5,HAIL
HAIL 125,5,HAIL
HAIL 150,5,HAIL
HAIL 175,5,HAIL
HAIL 200,5,HAIL
HAIL 225,5,HAIL
HAIL 275,5,HAIL
HAIL 450,5,HAIL
HAIL 75,5,HAIL
HAIL 80,5,HAIL
HAIL 88,5,HAIL
HAIL ALOFT,5,HAIL
HAIL DAMAGE,5,HAIL
HAIL FLOODING,6,HAIL AND FLOOD
HAIL STORM,6,HAIL
HAIL(0.75),5,HAIL
HAIL/ICY ROADS,6,HAIL AND WINTER WEATHER
HAIL/WIND,6,HAIL AND HIGH WIND
HAIL/WINDS,6,HAIL AND HIGH WIND
HAILSTORM,6,HAIL
HAILSTORMS,6,HAIL
HARD FREEZE,6,FROST/FREEZE
HAZARDOUS SURF,6,HIGH SURF
HEAT,0,
HEAT DROUGHT,0,
HEAT WAVE,5,HEAT
HEAT WAVE DROUGHT,5,HEAT AND DROUGHT
HEAT WAVES,5,HEAT
HEAT/DROUGHT,5,HEAT AND DROUGHT
HEATBURST,5,HEAT
HEAVY LAKE SNOW,6,LAKE-EFFECT SNOW
HEAVY MIX,6,WINTER WEATHER
HEAVY PRECIPATATION,9,
HEAVY PRECIPITATION,9,
HEAVY RAIN,0,
HEAVY RAIN AND FLOOD,0,
HEAVY RAIN AND WIND,6,HEAVY RAIN AND HIGH WIND
HEAVY RAIN EFFECTS,5,HEAVY RAIN
HEAVY RAIN/FLOODING,4,HEAVY RAIN AND FLOOD
HEAVY RAIN/HIGH SURF,4,HEAVY RAIN AND HIGH SURF
HEAVY RAIN/LIGHTNING,4,HEAVY RAIN AND LIGHTNING
HEAVY RAIN/MUDSLIDES/FLOOD,6,HEAVY RAIN AND DEBRIS FLOW AND FLOOD
HEAVY RAIN/SEVERE WEATHER,7,HEAVY RAIN
HEAVY RAIN/SMALL STREAM URBAN,7,HEAVY RAIN
HEAVY RAIN/SNOW,6,WINTER WEATHER
HEAVY RAIN/URBAN FLOOD,5,HEAVY RAIN AND FLOOD
HEAVY RAIN/WIND,6,HEAVY RAIN AND HIGH WIND
HEAVY RAIN; URBAN FLOOD WINDS;,6,HEAVY RAIN AND FLOOD AND HIGH WIND
HEAVY RAINFALL,4,HEAVY RAIN
HEAVY RAINS,4,HEAVY RAIN
HEAVY RAINS/FLOODING,4,HEAVY RAIN AND FLOOD
HEAVY SEAS,8,
HEAVY SHOWER,6,HEAVY RAIN
HEAVY SHOWERS,6,HEAVY RAIN
HEAVY SNOW,0,
HEAVY SNOW-SQUALLS,5,HEAVY SNOW AND HIGH WIND
HEAVY SNOW FREEZING RAIN,6,HEAVY SNOW AND WINTER WEATHER
HEAVY SNOW & ICE,6,HEAVY SNOW AND WINTER WEATHER
HEAVY SNOW AND,0,
HEAVY SNOW AND HIGH WINDS,4,HEAVY SNOW AND HIGH WIND
HEAVY SNOW AND ICE,6,HEAVY SNOW AND WINTER WEATHER
HEAVY SNOW AND ICE STORM,0,
HEAVY SNOW AND STRONG WINDS,4,HEAVY SNOW AND STRONG WIND
HEAVY SNOW ANDBLOWING SNOW,6,HEAVY SNOW AND WINTER WEATHER
HEAVY SNOW SHOWER,5,HEAVY SNOW
HEAVY SNOW SQUALLS,5,HEAVY SNOW AND HIGH WIND
HEAVY SNOW/BLIZZARD,7,BLIZZARD
HEAVY SNOW/BLIZZARD/AVALANCHE,7,BLIZZARD AND AVALANCHE
HEAVY SNOW/BLOWING SNOW,6,HEAVY SNOW
HEAVY SNOW/FREEZING RAIN,6,HEAVY SNOW AND WINTER WEATHER
HEAVY SNOW/HIGH,4,HEAVY SNOW
HEAVY SNOW/HIGH WIND,4,HEAVY SNOW AND HIGH WIND
HEAVY SNOW/HIGH WINDS,4,HEAVY SNOW AND HIGH WIND
HEAVY SNOW/HIGH WINDS & FLOOD,4,HEAVY SNOW AND HIGH WIND AND FLOOD
HEAVY SNOW/HIGH WINDS/FREEZING,4,HEAVY SNOW AND HIGH WIND
HEAVY SNOW/ICE,6,HEAVY SNOW AND WINTER WEATHER
HEAVY SNOW/ICE STORM,4,HEAVY SNOW AND ICE STORM
HEAVY SNOW/SLEET,4,HEAVY SNOW AND SLEET
HEAVY SNOW/SQUALLS,6,HEAVY SNOW AND HIGH WIND
HEAVY SNOW/WIND,6,HEAVY SNOW AND HIGH WIND
HEAVY SNOW/WINTER STORM,4,HEAVY SNOW AND WINTER STORM
HEAVY SNOWPACK,8,
HEAVY SURF,6,HIGH SURF
HEAVY SURF AND WIND,6,HIGH SURF AND HIGH WIND
HEAVY SURF COASTAL FLOODING,6,HIGH SURF AND COASTAL FLOOD
HEAVY SURF/HIGH SURF,6,HIGH SURF
HEAVY SWELLS,8,
HEAVY WET SNOW,5,HEAVY SNOW
HIGH,9,
HIGH SWELLS,6,HIGH SURF
HIGH WINDS,4,HIGH WIND
HIGH SEAS,8,
HIGH SURF,0,
HIGH SURF ADVISORIES,8,
HIGH SURF ADVISORY,8,
HIGH SWELLS,8,
HIGH TEMPERATURE RECORD,6,HEAT
HIGH TIDES,8,
HIGH WATER,8,
HIGH WAVES,9,
HIGH WIND,0,
HIGH WIND (G40),5,HIGH WIND
HIGH WIND 48,5,HIGH WIND
HIGH WIND 63,5,HIGH WIND
HIGH WIND 70,5,HIGH WIND
HIGH WIND AND HEAVY SNOW,0,
HIGH WIND AND HIGH TIDES,8,HIGH WIND
HIGH WIND AND SEAS,9,HIGH WIND
HIGH WIND DAMAGE,5,HIGH WIND
HIGH WIND/ BLIZZARD,7,BLIZZARD
HIGH WIND/BLIZZARD,7,BLIZZARD
HIGH WIND/BLIZZARD/FREEZING RA,7,BLIZZARD
HIGH WIND/HEAVY SNOW,4,HEAVY SNOW AND HIGH WIND
HIGH WIND/LOW WIND CHILL,6,HIGH WIND AND COLD/WIND CHILL
HIGH WIND/SEAS,8,HIGH WIND AND HIGH SURF
HIGH WIND/WIND CHILL,6,HIGH WIND AND COLD/WIND CHILL
HIGH WIND/WIND CHILL/BLIZZARD,7,BLIZZARD
HIGH WINDS,4,HIGH WIND
HIGH WINDS 55,5,HIGH WIND
HIGH WINDS 57,5,HIGH WIND
HIGH WINDS 58,5,HIGH WIND
HIGH WINDS 63,5,HIGH WIND
HIGH WINDS 66,5,HIGH WIND
HIGH WINDS 67,5,HIGH WIND
HIGH WINDS 73,5,HIGH WIND
HIGH WINDS 76,5,HIGH WIND
HIGH WINDS 80,5,HIGH WIND
HIGH WINDS 82,5,HIGH WIND
HIGH WINDS AND WIND CHILL,6,HIGH WIND AND COLD/WIND CHILL
HIGH WINDS DUST STORM,7,DUST STORM
HIGH WINDS HEAVY RAINS,4,HIGH WIND AND HEAVY RAIN
HIGH WINDS/,4,HIGH WIND
HIGH WINDS/COASTAL FLOOD,4,HIGH WIND AND COASTAL FLOOD
HIGH WINDS/COLD,6,HIGH WIND AND COLD/WIND CHILL
HIGH WINDS/FLOODING,4,HIGH WIND AND FLOOD
HIGH WINDS/HEAVY RAIN,4,HIGH WIND AND HEAVY RAIN
HIGH WINDS/SNOW,6,HIGH WIND AND WINTER WEATHER
HIGHWAY FLOODING,5,FLOOD
HOT AND DRY,6,HEAT AND DROUGHT
HOT PATTERN,6,HEAT
HOT SPELL,6,HEAT
HOT WEATHER,6,HEAT
HOT/DRY PATTERN,6,HEAT AND DROUGHT
HURRICANE,0,
HURRICANE-GENERATED SWELLS,7,HURRICANE (TYPHOON)
HURRICANE EDOUARD,5,HURRICANE (TYPHOON)
HURRICANE EMILY,5,HURRICANE (TYPHOON)
HURRICANE ERIN,5,HURRICANE (TYPHOON)
HURRICANE FELIX,5,HURRICANE (TYPHOON)
HURRICANE GORDON,5,HURRICANE (TYPHOON)
HURRICANE OPAL,5,HURRICANE (TYPHOON)
HURRICANE OPAL/HIGH WINDS,5,HURRICANE (TYPHOON)
HURRICANE/TYPHOON,5,HURRICANE (TYPHOON)
HVY RAIN,4,HEAVY RAIN
HYPERTHERMIA/EXPOSURE,8,
HYPOTHERMIA,8,
HYPOTHERMIA/EXPOSURE,8,
ICE,6,WINTER WEATHER
ICE AND SNOW,6,WINTER WEATHER
ICE FLOES,8,
ICE FOG,6,FREEZING FOG
ICE JAM,6,FLOOD
ICE JAM FLOOD (MINOR,6,FLOOD
ICE JAM FLOODING,6,FLOOD
ICE ON ROAD,6,WINTER WEATHER
ICE PELLETS,6,WINTER WEATHER
ICE ROADS,6,WINTER WEATHER
ICE STORM,0,
ICE STORM AND SNOW,6,ICE STORM AND WINTER WEATHER
ICE STORM/FLASH FLOOD,4,ICE STORM AND FLASH FLOOD
ICE/SNOW,6,WINTER WEATHER
ICE/STRONG WINDS,6,WINTER WEATHER AND STRONG WIND
ICESTORM/BLIZZARD,4,ICE STORM AND BLIZZARD
ICY ROADS,6,WINTER WEATHER
LACK OF SNOW,8,
LAKE-EFFECT SNOW,0,
LAKE EFFECT SNOW,4,LAKE-EFFECT SNOW
LAKE FLOOD,6,COASTAL FLOOD
LAKESHORE FLOOD,6,COASTAL FLOOD
LANDSLIDE,6,DEBRIS FLOW
LANDSLIDE/URBAN FLOOD,6,DEBRIS FLOW AND FLOOD
LANDSLIDES,6,DEBRIS FLOW
LANDSLUMP,6,DEBRIS FLOW
LANDSPOUT,6,TORNADO
LARGE WALL CLOUD,8,
LATE-SEASON SNOWFALL,5,WINTER WEATHER
LATE FREEZE,5,FROST/FREEZE
LATE SEASON HAIL,5,HAIL
LATE SEASON SNOW,5,WINTER WEATHER
LATE SEASON SNOWFALL,5,WINTER WEATHER
LATE SNOW,5,WINTER WEATHER
LIGHT FREEZING RAIN,6,WINTER WEATHER
LIGHT SNOW,6,WINTER WEATHER
LIGHT SNOW AND SLEET,6,WINTER WEATHER AND SLEET
LIGHT SNOW/FLURRIES,6,WINTER WEATHER
LIGHT SNOW/FREEZING PRECIP,6,WINTER WEATHER
LIGHT SNOWFALL,6,WINTER WEATHER
LIGHTING,4,LIGHTNING
LIGHTNING,0,
LIGHTNING WAUSEON,5,LIGHTNING
LIGHTNING AND HEAVY RAIN,0,
LIGHTNING AND THUNDERSTORM WIN,4,LIGHTNING AND THUNDERSTORM WIND
LIGHTNING AND WINDS,6,LIGHTNING AND THUNDERSTORM WIND
LIGHTNING DAMAGE,6,LIGHTNING
LIGHTNING FIRE,6,LIGHTNING
LIGHTNING INJURY,6,LIGHTNING
LIGHTNING THUNDERSTORM WINDS,6,LIGHTNING AND THUNDERSTORM WIND
LIGHTNING THUNDERSTORM WINDSS,6,LIGHTNING AND THUNDERSTORM WIND
LIGHTNING.,4,LIGHTNING
LIGHTNING/HEAVY RAIN,4,LIGHTNING AND HEAVY RAIN
LIGNTNING,4,LIGHTNING
LOCAL FLASH FLOOD,5,FLASH FLOOD
LOCAL FLOOD,5,FLOOD
LOCALLY HEAVY RAIN,5,HEAVY RAIN
LOW TEMPERATURE,9,
LOW TEMPERATURE RECORD,6,COLD/WIND CHILL
LOW WIND CHILL,6,COLD/WIND CHILL
MAJOR FLOOD,5,FLOOD
MARINE ACCIDENT,8,
MARINE HAIL,0,
MARINE HIGH WIND,0,
MARINE MISHAP,8,
MARINE STRONG WIND,0,
MARINE THUNDERSTORM WIND,0,
"METRO STORM, MAY 26",9,
MICROBURST,6,THUNDERSTORM WIND
MICROBURST WINDS,6,THUNDERSTORM WIND
MILD AND DRY PATTERN,6,DROUGHT
MILD PATTERN,8,
MILD/DRY PATTERN,6,DROUGHT
MINOR FLOOD,5,FLOOD
MINOR FLOODING,5,FLOOD
MIXED PRECIP,6,WINTER WEATHER
MIXED PRECIPITATION,6,WINTER WEATHER
MODERATE SNOW,6,WINTER WEATHER
MODERATE SNOWFALL,6,WINTER WEATHER
MONTHLY PRECIPITATION,9,
MONTHLY RAINFALL,9,
MONTHLY SNOWFALL,9,
MONTHLY TEMPERATURE,9,
MOUNTAIN SNOWS,9,
MUD SLIDE,6,DEBRIS FLOW
MUD SLIDES,6,DEBRIS FLOW
MUD SLIDES URBAN FLOODING,6,DEBRIS FLOW AND FLOOD
MUD/ROCK SLIDE,6,DEBRIS FLOW
MUDSLIDE,6,DEBRIS FLOW
MUDSLIDE/LANDSLIDE,6,DEBRIS FLOW
MUDSLIDES,6,DEBRIS FLOW
NEAR RECORD SNOW,5,HEAVY SNOW
NO SEVERE WEATHER,8,
NON-SEVERE WIND DAMAGE,6,HIGH WIND
NON-THUNDERSTORM WIND,6,HIGH WIND
NON SEVERE HAIL,5,HAIL
NON THUNDERSTORM WIND,6,HIGH WIND
NONE,8,
NORMAL PRECIPITATION,8,
NORTHERN LIGHTS,8,
OTHER,9,
PATCHY DENSE FOG,5,DENSE FOG
PATCHY ICE,6,WINTER WEATHER
PROLONG COLD,5,COLD/WIND CHILL
PROLONG COLD/SNOW,5,COLD/WIND CHILL AND WINTER WEATHER
PROLONG WARMTH,9,
PROLONGED RAIN,9,
RAIN,9,
RAIN (HEAVY),6,HEAVY RAIN
RAIN AND WIND,6,HIGH WIND
RAIN DAMAGE,9,
RAIN/SNOW,6,WINTER WEATHER
RAIN/WIND,6,HIGH WIND
RAINSTORM,6,HEAVY RAIN
RAPIDLY RISING WATER,9,
RECORD COLD,5,COLD/WIND CHILL
RECORD COLD,5,COLD/WIND CHILL
RECORD COLD AND HIGH WIND,5,COLD/WIND CHILL AND HIGH WIND
RECORD COLD/FROST,5,COLD/WIND CHILL AND FROST/FREEZE
RECORD COOL,6,COLD/WIND CHILL
RECORD DRY MONTH,6,DROUGHT
RECORD DRYNESS,6,DROUGHT
RECORD HEAT,5,HEAT
RECORD HEAT WAVE,5,HEAT
RECORD HIGH,6,HEAT
RECORD HIGH TEMPERATURE,6,HEAT
RECORD HIGH TEMPERATURES,6,HEAT
RECORD LOW,6,COLD/WIND CHILL
RECORD LOW RAINFALL,6,DROUGHT
RECORD MAY SNOW,6,WINTER WEATHER
RECORD PRECIPITATION,9,
RECORD RAINFALL,9,
RECORD SNOW,9,
RECORD SNOW/COLD,6,COLD/WIND CHILL
RECORD SNOWFALL,9,
RECORD TEMPERATURE,9,
RECORD TEMPERATURES,9,
RECORD WARM,6,HEAT
RECORD WARM TEMPS.,6,HEAT
RECORD WARMTH,6,HEAT
RECORD WINTER SNOW,9,
RECORD/EXCESSIVE HEAT,6,EXCESSIVE HEAT
RECORD/EXCESSIVE RAINFALL,6,HEAVY RAIN
RED FLAG CRITERIA,8,
RED FLAG FIRE WX,8,
REMNANTS OF FLOYD,9,
RIP CURRENT,0,
RIP CURRENTS,4,RIP CURRENT
RIP CURRENTS HEAVY SURF,6,RIP CURRENT AND HIGH SURF
RIP CURRENTS/HEAVY SURF,6,RIP CURRENT AND HIGH SURF
RIVER AND STREAM FLOOD,5,FLOOD
RIVER FLOOD,5,FLOOD
RIVER FLOODING,5,FLOOD
ROCK SLIDE,6,DEBRIS FLOW
ROGUE WAVE,8,
ROTATING WALL CLOUD,8,
ROUGH SEAS,8,
ROUGH SURF,6,HIGH SURF
RURAL FLOOD,5,FLOOD
SAHARAN DUST,8,
SEASONAL SNOWFALL,9,
SEICHE,0,
SEVERE COLD,6,EXTREME COLD/WIND CHILL
SEVERE THUNDERSTORM,6,LIGHTNING
SEVERE THUNDERSTORM WINDS,6,LIGHTNING AND THUNDERSTORM WIND
SEVERE THUNDERSTORMS,6,LIGHTNING
SEVERE TURBULENCE,8,
SLEET,0,
SLEET & FREEZING RAIN,6,SLEET AND WINTER WEATHER
SLEET STORM,6,SLEET
SLEET/FREEZING RAIN,6,SLEET AND WINTER WEATHER
SLEET/ICE STORM,4,SLEET AND ICE STORM
SLEET/RAIN/SNOW,6,SLEET AND WINTER WEATHER
SLEET/SNOW,6,SLEET AND WINTER WEATHER
SMALL HAIL,5,HAIL
SMALL STREAM,5,FLOOD
SMALL STREAM AND,5,FLOOD
SMALL STREAM AND URBAN FLOOD,5,FLOOD
SMALL STREAM AND URBAN FLOODIN,5,FLOOD
SMALL STREAM FLOOD,5,FLOOD
SMALL STREAM FLOODING,5,FLOOD
SMALL STREAM URBAN FLOOD,5,FLOOD
SMALL STREAM/URBAN FLOOD,5,FLOOD
SML STREAM FLD,5,FLOOD
SMOKE,6,DENSE SMOKE
SNOW,6,WINTER WEATHER
SNOW- HIGH WIND- WIND CHILL,6,HIGH WIND AND COLD/WIND CHILL AND WINTER WEATHER
SNOW ACCUMULATION,9,
SNOW ADVISORY,8,
SNOW AND COLD,6,WINTER WEATHER AND COLD/WIND CHILL
SNOW AND HEAVY SNOW,7,HEAVY SNOW
SNOW AND ICE,6,WINTER WEATHER
SNOW AND ICE STORM,6,WINTER WEATHER AND ICE STORM
SNOW AND SLEET,6,SLEET AND WINTER WEATHER
SNOW AND WIND,6,WINTER WEATHER AND HIGH WIND
SNOW DROUGHT,6,DROUGHT
SNOW FREEZING RAIN,6,WINTER WEATHER
SNOW SHOWERS,6,WINTER WEATHER
SNOW SLEET,6,SLEET AND WINTER WEATHER
SNOW SQUALL,6,WINTER WEATHER AND HIGH WIND
SNOW SQUALLS,6,WINTER WEATHER AND HIGH WIND
SNOW/ BITTER COLD,6,WINTER WEATHER AND EXTREME COLD/WIND CHILL
SNOW/ ICE,6,WINTER WEATHER
SNOW/BLOWING SNOW,6,WINTER WEATHER
SNOW/COLD,6,WINTER WEATHER AND COLD/WIND CHILL
SNOW/FREEZING RAIN,6,WINTER WEATHER
SNOW/HEAVY SNOW,6,HEAVY SNOW
SNOW/HIGH WINDS,6,WINTER WEATHER AND HIGH WIND
SNOW/ICE,6,WINTER WEATHER
SNOW/ICE STORM,6,WINTER WEATHER AND ICE STORM
SNOW/RAIN,6,WINTER WEATHER
SNOW/RAIN/SLEET,6,SLEET AND WINTER WEATHER
SNOW/SLEET,6,SLEET AND WINTER WEATHER
SNOW/SLEET/FREEZING RAIN,6,SLEET AND WINTER WEATHER
SNOW/SLEET/RAIN,6,SLEET AND WINTER WEATHER
SNOW\COLD,6,WINTER WEATHER AND COLD/WIND CHILL
SNOWFALL RECORD,9,
SNOWMELT FLOODING,5,FLOOD
SNOWSTORM,6,WINTER STORM
SOUTHEAST,9,
STORM FORCE WINDS,6,STRONG WIND
STORM SURGE,6,STORM SURGE/TIDE
STORM SURGE/TIDE,0,
STREAM FLOODING,5,FLOOD
STREET FLOOD,5,FLOOD
STREET FLOODING,5,FLOOD
STRONG WIND,0,
STRONG WIND GUST,5,STRONG WIND
STRONG WINDS,4,STRONG WIND
SUMMARY AUGUST 10,9,
SUMMARY AUGUST 11,9,
SUMMARY AUGUST 17,9,
SUMMARY AUGUST 2-3,9,
SUMMARY AUGUST 21,9,
SUMMARY AUGUST 28,9,
SUMMARY AUGUST 4,9,
SUMMARY AUGUST 7,9,
SUMMARY AUGUST 9,9,
SUMMARY JAN 17,9,
SUMMARY JULY 23-24,9,
SUMMARY JUNE 18-19,9,
SUMMARY JUNE 5-6,9,
SUMMARY JUNE 6,9,
SUMMARY OF APRIL 12,9,
SUMMARY OF APRIL 13,9,
SUMMARY OF APRIL 21,9,
SUMMARY OF APRIL 27,9,
SUMMARY OF APRIL 3RD,9,
SUMMARY OF AUGUST 1,9,
SUMMARY OF JULY 11,9,
SUMMARY OF JULY 2,9,
SUMMARY OF JULY 22,9,
SUMMARY OF JULY 26,9,
SUMMARY OF JULY 29,9,
SUMMARY OF JULY 3,9,
SUMMARY OF JUNE 10,9,
SUMMARY OF JUNE 11,9,
SUMMARY OF JUNE 12,9,
SUMMARY OF JUNE 13,9,
SUMMARY OF JUNE 15,9,
SUMMARY OF JUNE 16,9,
SUMMARY OF JUNE 18,9,
SUMMARY OF JUNE 23,9,
SUMMARY OF JUNE 24,9,
SUMMARY OF JUNE 3,9,
SUMMARY OF JUNE 30,9,
SUMMARY OF JUNE 4,9,
SUMMARY OF JUNE 6,9,
SUMMARY OF MARCH 14,9,
SUMMARY OF MARCH 23,9,
SUMMARY OF MARCH 24,9,
SUMMARY OF MARCH 24-25,9,
SUMMARY OF MARCH 27,9,
SUMMARY OF MARCH 29,9,
SUMMARY OF MAY 10,9,
SUMMARY OF MAY 13,9,
SUMMARY OF MAY 14,9,
SUMMARY OF MAY 22,9,
SUMMARY OF MAY 22 AM,9,
SUMMARY OF MAY 22 PM,9,
SUMMARY OF MAY 26 AM,9,
SUMMARY OF MAY 26 PM,9,
SUMMARY OF MAY 31 AM,9,
SUMMARY OF MAY 31 PM,9,
SUMMARY OF MAY 9-10,9,
SUMMARY SEPT. 25-26,9,
SUMMARY SEPTEMBER 20,9,
SUMMARY SEPTEMBER 23,9,
SUMMARY SEPTEMBER 3,9,
SUMMARY SEPTEMBER 4,9,
SUMMARY: NOV. 16,9,
SUMMARY: NOV. 6-7,9,
SUMMARY: OCT. 20-21,9,
SUMMARY: OCTOBER 31,9,
SUMMARY: SEPT. 18,9,
TEMPERATURE RECORD,9,
THUDERSTORM WINDS,4,THUNDERSTORM WIND
THUNDEERSTORM WINDS,4,THUNDERSTORM WIND
THUNDERESTORM WINDS,4,THUNDERSTORM WIND
THUNDERSNOW,6,WINTER STORM
THUNDERSNOW SHOWER,6,WINTER STORM
THUNDERSTORM,6,LIGHTNING
THUNDERSTORM WINDS,4,THUNDERSTORM WIND
THUNDERSTORM DAMAGE,9,
THUNDERSTORM DAMAGE TO,9,
THUNDERSTORM HAIL,5,HAIL
THUNDERSTORM HEAVY RAIN,5,HEAVY RAIN
THUNDERSTORM W INDS,4,THUNDERSTORM WIND
THUNDERSTORM WIND,0,
THUNDERSTORM WIND (G45),5,THUNDERSTORM WIND
THUNDERSTORM WIND (41),5,THUNDERSTORM WIND
THUNDERSTORM WIND (G35),5,THUNDERSTORM WIND
THUNDERSTORM WIND (G40),5,THUNDERSTORM WIND
THUNDERSTORM WIND (G45),5,THUNDERSTORM WIND
THUNDERSTORM WIND 40,5,THUNDERSTORM WIND
THUNDERSTORM WIND 45,5,THUNDERSTORM WIND
THUNDERSTORM WIND 50,5,THUNDERSTORM WIND
THUNDERSTORM WIND 51,5,THUNDERSTORM WIND
THUNDERSTORM WIND 52,5,THUNDERSTORM WIND
THUNDERSTORM WIND 55,5,THUNDERSTORM WIND
THUNDERSTORM WIND 56,5,THUNDERSTORM WIND
THUNDERSTORM WIND 59,5,THUNDERSTORM WIND
THUNDERSTORM WIND 59 MPH,5,THUNDERSTORM WIND
THUNDERSTORM WIND 59 MPH.,5,THUNDERSTORM WIND
THUNDERSTORM WIND 60 MPH,5,THUNDERSTORM WIND
THUNDERSTORM WIND 65 MPH,5,THUNDERSTORM WIND
THUNDERSTORM WIND 65),5,THUNDERSTORM WIND
THUNDERSTORM WIND 65MPH,5,THUNDERSTORM WIND
THUNDERSTORM WIND 69,5,THUNDERSTORM WIND
THUNDERSTORM WIND 98 MPH,5,THUNDERSTORM WIND
THUNDERSTORM WIND AND LIGHTNING,0,
THUNDERSTORM WIND DAMAGE,5,THUNDERSTORM WIND
THUNDERSTORM WIND G45,5,THUNDERSTORM WIND
THUNDERSTORM WIND G50,5,THUNDERSTORM WIND
THUNDERSTORM WIND G51,5,THUNDERSTORM WIND
THUNDERSTORM WIND G52,5,THUNDERSTORM WIND
THUNDERSTORM WIND G55,5,THUNDERSTORM WIND
THUNDERSTORM WIND G58,5,THUNDERSTORM WIND
THUNDERSTORM WIND G60,5,THUNDERSTORM WIND
THUNDERSTORM WIND G61,5,THUNDERSTORM WIND
THUNDERSTORM WIND TREES,5,THUNDERSTORM WIND
THUNDERSTORM WIND.,4,THUNDERSTORM WIND
THUNDERSTORM WIND/ TREE,5,THUNDERSTORM WIND
THUNDERSTORM WIND/ TREES,5,THUNDERSTORM WIND
THUNDERSTORM WIND/AWNING,5,THUNDERSTORM WIND
THUNDERSTORM WIND/HAIL,4,THUNDERSTORM WIND AND HAIL
THUNDERSTORM WIND/LIGHTNING,4,THUNDERSTORM WIND AND LIGHTNING
THUNDERSTORM WINDS,4,THUNDERSTORM WIND
THUNDERSTORM WINDS LE CEN,4,THUNDERSTORM WIND
THUNDERSTORM WINDS 13,5,THUNDERSTORM WIND
THUNDERSTORM WINDS 2,5,THUNDERSTORM WIND
THUNDERSTORM WINDS 50,5,THUNDERSTORM WIND
THUNDERSTORM WINDS 52,5,THUNDERSTORM WIND
THUNDERSTORM WINDS 53,5,THUNDERSTORM WIND
THUNDERSTORM WINDS 60,5,THUNDERSTORM WIND
THUNDERSTORM WINDS 61,5,THUNDERSTORM WIND
THUNDERSTORM WINDS 62,5,THUNDERSTORM WIND
THUNDERSTORM WINDS 63 MPH,5,THUNDERSTORM WIND
THUNDERSTORM WINDS AND,0,
THUNDERSTORM WINDS FUNNEL CLOU,4,THUNDERSTORM WIND AND FUNNEL CLOUD
THUNDERSTORM WINDS G,4,THUNDERSTORM WIND
THUNDERSTORM WINDS G60,5,THUNDERSTORM WIND
THUNDERSTORM WINDS HAIL,4,THUNDERSTORM WIND AND HAIL
THUNDERSTORM WINDS HEAVY RAIN,4,THUNDERSTORM WIND AND HEAVY RAIN
THUNDERSTORM WINDS LIGHTNING,4,THUNDERSTORM WIND AND LIGHTNING
THUNDERSTORM WINDS SMALL STREA,6,THUNDERSTORM WIND AND FLOOD
THUNDERSTORM WINDS URBAN FLOOD,6,THUNDERSTORM WIND AND FLOOD
THUNDERSTORM WINDS.,4,THUNDERSTORM WIND
THUNDERSTORM WINDS/ FLOOD,4,THUNDERSTORM WIND AND FLOOD
THUNDERSTORM WINDS/ HAIL,4,THUNDERSTORM WIND AND HAIL
THUNDERSTORM WINDS/FLASH FLOOD,4,THUNDERSTORM WIND AND FLASH FLOOD
THUNDERSTORM WINDS/FLOODING,4,THUNDERSTORM WIND AND FLOOD
THUNDERSTORM WINDS/FUNNEL CLOU,4,THUNDERSTORM WIND AND FUNNEL CLOUD
THUNDERSTORM WINDS/HAIL,4,THUNDERSTORM WIND AND HAIL
THUNDERSTORM WINDS/HEAVY RAIN,4,THUNDERSTORM WIND AND HEAVY RAIN
THUNDERSTORM WINDS53,5,THUNDERSTORM WIND
THUNDERSTORM WINDSHAIL,4,THUNDERSTORM WIND AND HAIL
THUNDERSTORM WINDSS,4,THUNDERSTORM WIND
THUNDERSTORM WINS,4,THUNDERSTORM WIND
THUNDERSTORM WND,4,THUNDERSTORM WIND
THUNDERSTORMS,6,LIGHTNING
THUNDERSTORMS WIND,4,THUNDERSTORM WIND
THUNDERSTORMS WINDS,4,THUNDERSTORM WIND
THUNDERSTORMW,4,THUNDERSTORM WIND
THUNDERSTORMW 50,5,THUNDERSTORM WIND
THUNDERSTORMW WINDS,4,THUNDERSTORM WIND
THUNDERSTORMWINDS,4,THUNDERSTORM WIND
THUNDERSTROM WIND,4,THUNDERSTORM WIND
THUNDERSTROM WINDS,4,THUNDERSTORM WIND
THUNDERTORM WINDS,4,THUNDERSTORM WIND
THUNDERTSORM WIND,4,THUNDERSTORM WIND
THUNDESTORM WINDS,4,THUNDERSTORM WIND
THUNERSTORM WINDS,4,THUNDERSTORM WIND
TIDAL FLOOD,6,COASTAL FLOOD
TIDAL FLOODING,6,COASTAL FLOOD
TORNADO,0,
TORNADO DEBRIS,5,TORNADO
TORNADO F0,5,TORNADO
TORNADO F1,5,TORNADO
TORNADO F2,5,TORNADO
TORNADO F3,5,TORNADO
TORNADO/WATERSPOUT,4,TORNADO AND WATERSPOUT
TORNADOES,4,TORNADO
"TORNADOES, THUNDERSTORM WIND, HAIL",4,TORNADO AND THUNDERSTORM WIND AND HAIL
TORNADOS,4,TORNADO
TORNDAO,4,TORNADO
TORRENTIAL RAIN,6,HEAVY RAIN
TORRENTIAL RAINFALL,6,HEAVY RAIN
TROPICAL DEPRESSION,0,
TROPICAL STORM,0,
TROPICAL STORM ALBERTO,5,TROPICAL STORM
TROPICAL STORM DEAN,5,TROPICAL STORM
TROPICAL STORM GORDON,5,TROPICAL STORM
TROPICAL STORM JERRY,5,TROPICAL STORM
TSUNAMI,0,
TUNDERSTORM WIND,4,THUNDERSTORM WIND
TYPHOON,6,HURRICANE (TYPHOON)
UNSEASONABLE COLD,9,
UNSEASONABLY COLD,9,
UNSEASONABLY COOL,9,
UNSEASONABLY COOL & WET,9,
UNSEASONABLY DRY,9,
UNSEASONABLY HOT,9,
UNSEASONABLY WARM,9,
UNSEASONABLY WARM & WET,9,
UNSEASONABLY WARM AND DRY,9,
UNSEASONABLY WARM YEAR,9,
UNSEASONABLY WARM/WET,9,
UNSEASONABLY WET,9,
UNSEASONAL LOW TEMP,9,
UNSEASONAL RAIN,9,
UNUSUAL WARMTH,9,
UNUSUAL/RECORD WARMTH,6,HEAT
UNUSUALLY COLD,9,
UNUSUALLY LATE SNOW,6,WINTER WEATHER
UNUSUALLY WARM,9,
URBAN AND SMALL,5,FLOOD
URBAN AND SMALL STREAM,5,FLOOD
URBAN AND SMALL STREAM FLOOD,5,FLOOD
URBAN AND SMALL STREAM FLOODIN,5,FLOOD
URBAN FLOOD,5,FLOOD
URBAN FLOOD LANDSLIDE,6,FLOOD AND DEBRIS FLOW
URBAN FLOODING,5,FLOOD
URBAN FLOODS,5,FLOOD
URBAN SMALL,5,FLOOD
URBAN SMALL STREAM FLOOD,5,FLOOD
URBAN/SMALL,5,FLOOD
URBAN/SMALL FLOODING,5,FLOOD
URBAN/SMALL STREAM,5,FLOOD
URBAN/SMALL STREAM FLOOD,5,FLOOD
URBAN/SMALL STREAM FLOOD,5,FLOOD
URBAN/SMALL STREAM FLOODING,5,FLOOD
URBAN/SMALL STRM FLDG,5,FLOOD
URBAN/SML STREAM FLD,5,FLOOD
URBAN/SML STREAM FLDG,5,FLOOD
URBAN/STREET FLOODING,5,FLOOD
VERY DRY,9,
VERY WARM,6,HEAT
VOG,9,
VOLCANIC ASH,0,
VOLCANIC ASH PLUME,5,VOLCANIC ASH
VOLCANIC ASHFALL,5,VOLCANIC ASH
VOLCANIC ERUPTION,5,VOLCANIC ASH
WAKE LOW WIND,9,
WALL CLOUD,8,
WALL CLOUD/FUNNEL CLOUD,5,FUNNEL CLOUD
WARM DRY CONDITIONS,8,
WARM WEATHER,8,
WATER SPOUT,4,WATERSPOUT
WATERSPOUT,0,
WATERSPOUT-,4,WATERSPOUT
WATERSPOUT-TORNADO,4,WATERSPOUT AND TORNADO
WATERSPOUT FUNNEL CLOUD,0,
WATERSPOUT TORNADO,0,
WATERSPOUT/,4,WATERSPOUT
WATERSPOUT/ TORNADO,4,WATERSPOUT AND TORNADO
WATERSPOUT/TORNADO,4,WATERSPOUT AND TORNADO
WATERSPOUTS,4,WATERSPOUT
WAYTERSPOUT,4,WATERSPOUT
WET MICOBURST,6,THUNDERSTORM WIND
WET MICROBURST,6,THUNDERSTORM WIND
WET MONTH,8,
WET SNOW,6,WINTER WEATHER
WET WEATHER,8,
WET YEAR,8,
WHIRLWIND,8,
WILD FIRES,4,WILDFIRE
WILD/FOREST FIRE,6,WILDFIRE
WILD/FOREST FIRES,6,WILDFIRE
WILDFIRE,0,
WILDFIRES,4,WILDFIRE
WIND,6,HIGH WIND
WIND ADVISORY,8,
WIND AND WAVE,6,HIGH WIND
WIND CHILL,6,COLD/WIND CHILL
WIND CHILL/HIGH WIND,6,COLD/WIND CHILL AND HIGH WIND
WIND DAMAGE,5,HIGH WIND
WIND GUSTS,6,HIGH WIND
WIND STORM,6,HIGH WIND
WIND/HAIL,6,HIGH WIND AND HAIL
WINDS,6,HIGH WIND
WINTER MIX,6,WINTER WEATHER
WINTER STORM,0,
WINTER STORM HIGH WINDS,4,WINTER STORM AND HIGH WIND
WINTER STORM/HIGH WIND,4,WINTER STORM AND HIGH WIND
WINTER STORM/HIGH WINDS,4,WINTER STORM AND HIGH WIND
WINTER STORMS,4,WINTER STORM
WINTER WEATHER,0,
WINTER WEATHER MIX,5,WINTER WEATHER
WINTER WEATHER/MIX,5,WINTER WEATHER
WINTERY MIX,6,WINTER WEATHER
WINTRY MIX,6,WINTER WEATHER
WND,6,HIGH WIND
